,0
g_psbs_p_-2198_dsize_200_re_aar1_r,GATACAcacctgcGCATGTGTctagaaatatgttgagcagattcattcctgcc
g_psbs_p_-1998_dsize_200_re_aar1_r,GATACAcacctgcCATTGTAGtggtatacataaagaatgcatacataaatagcctctagt
g_psbs_p_-1798_dsize_200_re_aar1_r,GATACAcacctgcTGCTTGCTcctcacagggccaatccacaagttgcttcg
g_psbs_p_-1598_dsize_200_re_aar1_r,GATACAcacctgcGTTCATGAttccgttgtgggtggacccagaacacgtca
g_psbs_p_-1398_dsize_200_re_aar1_r,GATACAcacctgcGTAGGCAGtagagataaatatcaccatcagcacatcagtct
g_psbs_p_-1198_dsize_200_re_aar1_r,GATACAcacctgcGCTGTAAGaaaccaaagtttttgccaactaaacaaggc
g_psbs_p_-998_dsize_200_re_aar1_r,GATACAcacctgcGTTAGTGAgccttgtttagttcgcaaaaattttcaagatt
g_psbs_p_-798_dsize_200_re_aar1_r,GATACAcacctgcCCAGCGTGcggttgtcatgtatggagcagatcgtagca
g_psbs_p_-598_dsize_200_re_aar1_r,GATACAcacctgcGTTCTTATcgtgcggctcctgtcctgcgacctccgtac
g_psbs_p_-398_dsize_200_re_aar1_r,GATACAcacctgcTGCGCCATgaaagggggcattggggtcacaggcgcggg
g_raf1_p_-3383_dsize_200_re_bsa1_r,GATACAggtctcTTCAATtgaaaacttgaaatatgtggtacactggtact
g_raf1_p_-3183_dsize_200_re_bsa1_r,GATACAggtctcAAGAGTttcggatataaatgtttgcaataagtaactagaaacttaga
g_raf1_p_-2983_dsize_200_re_bsa1_r,GATACAggtctcAGAAAActttttcgttccccttgctaaatttagtcag
g_raf1_p_-2783_dsize_200_re_bsa1_r,GATACAggtctcTTGATAgtagagattttttttgcctaaaatagaaaactttccaaaa
g_raf1_p_-2583_dsize_200_re_bsa1_r,GATACAggtctcAAGTGTaacttgttccataaaatcttatattatagataaaagttatgcgtataac
g_raf1_p_-2383_dsize_200_re_bsa1_r,GATACAggtctcACGATTgtaactagtagatattaacttataattattatcttctttgtctaactttttgc
g_raf1_p_-2183_dsize_200_re_bsa1_r,GATACAggtctcTATAACtgatgtaacaaaggttcaaactacctctcc
g_raf1_p_-1983_dsize_200_re_bsa1_r,GATACAggtctcCATGTTactttgcaaaacttatcaccatatgacttatacca
g_raf1_p_-1783_dsize_200_re_bsa1_r,GATACAggtctcCTTCTCtaatagtcgcaaggcaaaatcatagacaca
g_raf1_p_-1583_dsize_200_re_bsa1_r,GATACAggtctcCAGCATtctccactcaacggacgcttctcttcttcg
g_zmm28_p_-2185_dsize_200_re_bsa1_r,GATACAggtctcTCTCAGactgctccacgaactctgctccataaactc
g_zmm28_p_-1985_dsize_200_re_bsa1_r,GATACAggtctcCCTATGctacatcggttcgtctaataaacacatttatttgac
g_zmm28_p_-1785_dsize_200_re_bsa1_r,GATACAggtctcAACATTaggatattttgaaggactggtactaaccagg
g_zmm28_p_-1585_dsize_200_re_bsa1_r,GATACAggtctcGAGTATtaaaggatacttatgggcaaagacaaaattaactgt
g_zmm28_p_-1385_dsize_200_re_bsa1_r,GATACAggtctcGCGCTAgggcggtggtggagaatgacaatgggagca
g_zmm28_p_-1185_dsize_200_re_bsa1_r,GATACAggtctcGTAAACgcaagactagaggacctcaccgtgatggtt
g_zmm28_p_-985_dsize_200_re_bsa1_r,GATACAggtctcTGGACTctagtagtttatttctccaagagagcaaataaaaacatg
g_zmm28_p_-785_dsize_200_re_bsa1_r,GATACAggtctcCGTCGTgcaacatccccaaattggttgccgaaattg
g_zmm28_p_-585_dsize_200_re_bsa1_r,GATACAggtctcGGTATCgggccggaaagggtgcggctgtgggtagcg
g_zmm28_p_-385_dsize_200_re_bsa1_r,GATACAggtctcCCCCATgcgaaaccacggtggttttgcctgacccgc
g_sbpase_p_-2075_dsize_200_re_bsmb1_r,GATACAcgtctcTGAGCCctggccggcgacggcgtcgacattgatcct
g_sbpase_p_-1875_dsize_200_re_bsmb1_r,GATACAcgtctcCTCGGCgccgcagcttcaagtcgcgcttgacgcgga
g_sbpase_p_-1675_dsize_200_re_bsmb1_r,GATACAcgtctcATATCAtagtcggctctcacgcagaagtatgcctcg
g_sbpase_p_-1475_dsize_200_re_bsmb1_r,GATACAcgtctcGCAATGagtgaaacagatcagcgaagtcacgatctc
g_sbpase_p_-1275_dsize_200_re_bsmb1_r,GATACAcgtctcAATAGAatatacaaatattttatgtatttgtgaaaaaaaatgtttgacttggg
g_sbpase_p_-1075_dsize_200_re_bsmb1_r,GATACAcgtctcGAGCAGttattaattataaatggttggtcaagtatttcaatgtttgact
g_sbpase_p_-875_dsize_200_re_bsmb1_r,GATACAcgtctcTATTTAgagttcaagcctgcccagacagaattactc
g_sbpase_p_-675_dsize_200_re_bsmb1_r,GATACAcgtctcATTTAAattgtcgtatatatacgagtacgacggtttcg
g_sbpase_p_-475_dsize_200_re_bsmb1_r,GATACAcgtctcGGTGGCttgtcgtatatacgatatggatcattttttctgaaattg
g_sbpase_p_-275_dsize_200_re_bsmb1_r,GATACAcgtctcCTCCATgccatttggagctggagaagatagaaaggg
g_psbs_p_-2198_dsize_500_re_aar1_r,GATACAcacctgcTAATACAGctagaaatatgttgagcagattcattcctgcc
g_psbs_p_-1698_dsize_500_re_aar1_r,GATACAcacctgcGTAGGCAGtagagccaatgcatataaacaaaaaaaaacacaca
g_psbs_p_-1198_dsize_500_re_aar1_r,GATACAcacctgcGGTCGGTGaaaccaaagtttttgccaactaaacaaggc
g_psbs_p_-698_dsize_500_re_aar1_r,GATACAcacctgcTGCGCCATagatacacgcgtcaagcaaaaagtgttctg
g_raf1_p_-3383_dsize_500_re_bsa1_r,GATACAggtctcCTGATCtgaaaacttgaaatatgtggtacactggtact
g_raf1_p_-2883_dsize_500_re_bsa1_r,GATACAggtctcAAGTGTgttcgctagattcaaatctattgaacgttcg
g_raf1_p_-2383_dsize_500_re_bsa1_r,GATACAggtctcAATAATgtaactagtagatattaacttataattattatcttctttgtctaactttttgc
g_raf1_p_-1883_dsize_500_re_bsa1_r,GATACAggtctcCAGCATaatttccgcaacttttcatttttagaaggtaact
g_zmm28_p_-2185_dsize_500_re_bsa1_r,GATACAggtctcGCGCATactgctccacgaactctgctccataaactc
g_zmm28_p_-1685_dsize_500_re_bsa1_r,GATACAggtctcGCGCTAttcttcttctttttctttgccaatcatagtataataatacac
g_zmm28_p_-1185_dsize_500_re_bsa1_r,GATACAggtctcGCAAGTgcaagactagaggacctcaccgtgatggtt
g_zmm28_p_-685_dsize_500_re_bsa1_r,GATACAggtctcCCCCATgacacgtggggtagcttcagggggactggc
g_sbpase_p_-2075_dsize_500_re_bsmb1_r,GATACAcgtctcGATTCCctggccggcgacggcgtcgacattgatcct
g_sbpase_p_-1575_dsize_500_re_bsmb1_r,GATACAcgtctcAATAGAaaaaaagtcatcataatcataagagaagaacatcacac
g_sbpase_p_-1075_dsize_500_re_bsmb1_r,GATACAcgtctcGTATGGttattaattataaatggttggtcaagtatttcaatgtttgact
g_sbpase_p_-575_dsize_500_re_bsmb1_r,GATACAcgtctcCTCCATaactttttctgaattgttcagtacttcagtgtg
