,0,gene,primer_n
1_2_rev,GATACACACCTGCTTACAATGGACGGTCCATGTGCTGGTTGTTCA,psbs,1_2_rev_psbs_bb
3_4_rev,GATACACACCTGCTTATCAAATAAAAACGAAAGTGCTACAGTAGGCAGAAACCAAAGT,psbs,3_4_rev_psbs_bb
5_6_rev,GATACACACCTGCTTATAAAAAACCCGCTGTGGCAATGTTGCTGTAAGG,psbs,5_6_rev_psbs_bb
11_12_rev,GATACACACCTGCTTATGCTAGGAGTCCATTCTACTGTCTGTTAGTGACGG,psbs,11_12_rev_psbs_bb
13_14_rev,GATACACACCTGCTTACGCCGAGGCCAGGGAGCCC,psbs,13_14_rev_psbs_bb
15_16_rev,GATACACACCTGCTTAGAAAGGGGGCATTGGGGTCACAGGC,psbs,15_16_rev_psbs_bb
17_18_rev,GATACACACCTGCTTATGGGTTGCCAGGAGGCCACGTC,psbs,17_18_rev_psbs_bb
20_21_rev,GATACAGGTCTCTGCAAAGCTATTTGATTTATTATATTTTGTGCTTAACTTTCAGTTATTAACTTATATGTTAAAATTGGTT,raf1,20_21_rev_raf1_bb
22_23_rev,GATACAGGTCTCGCTGATGTCATAAAAAAGTAAAACATTTATTTTAAAATGCTAGATGTAAATTTTAACCATATAATTTGTA,raf1,22_23_rev_raf1_bb
24_25_rev,GATACAGGTCTCATGCCAAAACTTTAAAACACAGAATTATAAAACATTTTTTTAAATTTTCTTTTGTCTTTTTTCTCTTTTT,raf1,24_25_rev_raf1_bb
26_27_rev,GATACAGGTCTCCATCAGTAAGGAATCAGCTACTCCCGCAACTTTTCTTATTTG,raf1,26_27_rev_raf1_bb
28_29_rev,GATACAGGTCTCAAAAATTCAGATACGCAACTTGATAGATATTATTTGTTGCCTGTAGGAAGTT,raf1,28_29_rev_raf1_bb
30_31_rev,GATACAGGTCTCTCTCCACTCAACGGACGCTTCTCTTCTTCG,raf1,30_31_rev_raf1_bb
32_33_rev,GATACAGGTCTCTCTCCACTCAACGGACGCTTCTCTTCTTCG,raf1,32_33_rev_raf1_bb
34_35_rev,GATACAGGTCTCATACGACCAGTGCTACCTTAGCAGCAGCG,zmm28,34_35_rev_zmm28_bb
36_37_rev,GATACAGGTCTCACTAGCGAGCCAGTTCTAGATGCCATTGTGTC,zmm28,36_37_rev_zmm28_bb
38_39_rev,GATACAGGTCTCCTCAAGTGATTTTTTTCACGAAGGGTGAAAGTAACATTGTAGCA,zmm28,38_39_rev_zmm28_bb
40_41_rev,GATACAGGTCTCGGCTGATGGGTCCACACGGATGTGG,zmm28,40_41_rev_zmm28_bb
42_43_rev,GATACAGGTCTCGGCCCAGCGAGGCCGGC,zmm28,42_43_rev_zmm28_bb
44_45_rev,GATACAGGTCTCGCGAAACCACGGTGGTTTTGCCTGAC,zmm28,44_45_rev_zmm28_bb
46_47_rev,GATACAGGTCTCGATGGACCGTCGGATCCCGAGGGG,zmm28,46_47_rev_zmm28_bb
48_49_rev,GATACACGTCTCAATTTGTTCGGCTAAGGCCTGAATCGATCGTGA,sbpase,48_49_rev_sbpase_bb
50_51_rev,GATACACGTCTCTATGACACTTACAAAAAATGGAGACATTAAAAGAGCAACACTGGC,sbpase,50_51_rev_sbpase_bb
52_53_rev,GATACACGTCTCTAATTTGTTTCTAAGTCAAATGTGTGTCTCTTTGACTATTGATTTCAAAATATTTATATAATTTCATGTT,sbpase,52_53_rev_sbpase_bb
54_55_rev,GATACACGTCTCAATTGTTCAGTGTGATGTTTTAAGTCGGTTCTTTGCAAAGC,sbpase,54_55_rev_sbpase_bb
56_57_rev,GATACACGTCTCTTGTCGTATATACGAGTACGACGGTATCGCCGT,sbpase,56_57_rev_sbpase_bb
58_59_rev,GATACACGTCTCCATTCGTGGTTTGTGTGGCCATGCCG,sbpase,58_59_rev_sbpase_bb
60_61_rev,GATACACGTCTCGCCATTTGGAGCTGGAGAAGATAGAAAGGGGAG,sbpase,60_61_rev_sbpase_bb
62_63_rev,GATACACGTCTCATATACGATATGGATCATTTTTTCTGAAATTGTTCGGTTCTGGTATTTAATTGTCG,sbpase,62_63_rev_sbpase_bb
